<?xml version="1.0" encoding="UTF-8"?>
<Experiment_plan>
  <Simulation id="2" sourcePath="C:/GAMA_Workspace/abm_demo/models/model4_11_23.gaml" finalStep="156" experiment="covidEXP" seed="3">
    <Parameters>
      <Parameter name="nb_people" type="INT" value="5000"/>
      <Parameter name="numStayingInDorm" type="INT" value="3350"/>
      <Parameter name="nb_infected_init" type="INT" value="5"/>
      <Parameter name="inf_rate_no_mask" type="FLOAT" value="0.15"/>
      <Parameter name="inf_rate_no_mask" type="FLOAT" value="0.004366584"/>
      <Parameter name="perc_wearing_masks" type="FLOAT" value="0.8"/>
      <Parameter name="enf_socdist" type="FLOAT" value="0.8"/>
      <Parameter name="follow_bcp" type="FLOAT" value="0.8"/>
      <Parameter name="enf_monitor" type="FLOAT" value="0.8"/>
      <Parameter name="enf_testing" type="FLOAT" value="0.8"/>
      <Parameter name="masks_on_policy" type="BOOLEAN" value="FALSE"/>
      <Parameter name="build_cap_policy" type="BOOLEAN" value="FALSE"/>
      <Parameter name="soc_dist_policy" type="BOOLEAN" value="FALSE"/>
      <Parameter name="monitoring_symtps_policy" type="BOOLEAN" value="FALSE"/>
      <Parameter name="testing_policy" type="BOOLEAN" value="FALSE"/>
      <Parameter name="contact_tracing_policy" type="BOOLEAN" value="FALSE"/>
      <Parameter name="perc_inperson_classes" type="FLOAT" value="0.8"/>
      <Parameter name="upper_testing_limit" type="INT" value="80"/>
      <Parameter name="monitor_checkup_time" type="INT" value="156"/>
      <Parameter name="testing_checkup_time" type="INT" value="156"/>
      <Parameter name="perc_asympt" type="FLOAT" value="0.4"/>
      <Parameter name="perc_inf_off_campus" type="FLOAT" value="0.0001"/>
    </Parameters>
    <Outputs>
      <Output id="1" name="chart_display" framerate="1"/>
      <Output id="2" name="num infected" framerate="1"/>
      <Output id="3" name="infected show symptoms" framerate="1"/>
      <Output id="4" name="infected no symptoms" framerate="1"/>
      <Output id="5" name="active people" framerate="1"/>
      <Output id="6" name="dead" framerate="1"/>
      <Output id="7" name="total infected people" framerate="1"/>
      <Output name="masks_on_policy" framerate="1"/>
      <Output name="build_cap_policy" framerate="1"/>
      <Output name="soc_dist_policy" framerate="1"/>
      <Output name="monitoring_symtps_policy" framerate="1"/>
      <Output name="testing_policy" framerate="1"/>
      <Output name="contact_tracing_policy" framerate="1"/>
    </Outputs>
  </Simulation>
</Experiment_plan>
