<?xml version="1.0" encoding="UTF-8"?>
<Simulation id="2" >
	<Step id='0' >
		<Variable name='chart_display' type='DISPLAY2D'>chart_display2-0.png</Variable>
		<Variable name='num infected' type='INT'>5</Variable>
		<Variable name='infected show symptoms' type='INT'>0</Variable>
		<Variable name='infected no symptoms' type='INT'>5</Variable>
		<Variable name='active people' type='INT'>5001</Variable>
		<Variable name='dead' type='INT'>0</Variable>
		<Variable name='total infected people' type='INT'>5</Variable>
		<Variable name='masks_on_policy' type='UNDEFINED'>false</Variable>
		<Variable name='build_cap_policy' type='UNDEFINED'>false</Variable>
		<Variable name='soc_dist_policy' type='UNDEFINED'>false</Variable>
		<Variable name='monitoring_symtps_policy' type='UNDEFINED'>false</Variable>
		<Variable name='testing_policy' type='UNDEFINED'>false</Variable>
		<Variable name='contact_tracing_policy' type='UNDEFINED'>false</Variable>
	</Step>
	<Step id='1' >
		<Variable name='chart_display' type='DISPLAY2D'>chart_display2-1.png</Variable>
		<Variable name='num infected' type='INT'>6</Variable>
		<Variable name='infected show symptoms' type='INT'>0</Variable>
		<Variable name='infected no symptoms' type='INT'>6</Variable>
		<Variable name='active people' type='INT'>5001</Variable>
		<Variable name='dead' type='INT'>0</Variable>
		<Variable name='total infected people' type='INT'>6</Variable>
		<Variable name='masks_on_policy' type='UNDEFINED'>false</Variable>
		<Variable name='build_cap_policy' type='UNDEFINED'>false</Variable>
		<Variable name='soc_dist_policy' type='UNDEFINED'>false</Variable>
		<Variable name='monitoring_symtps_policy' type='UNDEFINED'>false</Variable>
		<Variable name='testing_policy' type='UNDEFINED'>false</Variable>
		<Variable name='contact_tracing_policy' type='UNDEFINED'>false</Variable>
	</Step>
	<Step id='2' >
		<Variable name='chart_display' type='DISPLAY2D'>chart_display2-2.png</Variable>
		<Variable name='num infected' type='INT'>8</Variable>
		<Variable name='infected show symptoms' type='INT'>0</Variable>
		<Variable name='infected no symptoms' type='INT'>8</Variable>
		<Variable name='active people' type='INT'>5001</Variable>
		<Variable name='dead' type='INT'>0</Variable>
		<Variable name='total infected people' type='INT'>8</Variable>
		<Variable name='masks_on_policy' type='UNDEFINED'>false</Variable>
		<Variable name='build_cap_policy' type='UNDEFINED'>false</Variable>
		<Variable name='soc_dist_policy' type='UNDEFINED'>false</Variable>
		<Variable name='monitoring_symtps_policy' type='UNDEFINED'>false</Variable>
		<Variable name='testing_policy' type='UNDEFINED'>false</Variable>
		<Variable name='contact_tracing_policy' type='UNDEFINED'>false</Variable>
	</Step>
	<Step id='3' >
		<Variable name='chart_display' type='DISPLAY2D'>chart_display2-3.png</Variable>
		<Variable name='num infected' type='INT'>9</Variable>
		<Variable name='infected show symptoms' type='INT'>0</Variable>
		<Variable name='infected no symptoms' type='INT'>9</Variable>
		<Variable name='active people' type='INT'>5001</Variable>
		<Variable name='dead' type='INT'>0</Variable>
		<Variable name='total infected people' type='INT'>9</Variable>
		<Variable name='masks_on_policy' type='UNDEFINED'>false</Variable>
		<Variable name='build_cap_policy' type='UNDEFINED'>false</Variable>
		<Variable name='soc_dist_policy' type='UNDEFINED'>false</Variable>
		<Variable name='monitoring_symtps_policy' type='UNDEFINED'>false</Variable>
		<Variable name='testing_policy' type='UNDEFINED'>false</Variable>
		<Variable name='contact_tracing_policy' type='UNDEFINED'>false</Variable>
	</Step>
	<Step id='4' >
		<Variable name='chart_display' type='DISPLAY2D'>chart_display2-4.png</Variable>
		<Variable name='num infected' type='INT'>9</Variable>
		<Variable name='infected show symptoms' type='INT'>0</Variable>
		<Variable name='infected no symptoms' type='INT'>9</Variable>
		<Variable name='active people' type='INT'>5001</Variable>
		<Variable name='dead' type='INT'>0</Variable>
		<Variable name='total infected people' type='INT'>9</Variable>
		<Variable name='masks_on_policy' type='UNDEFINED'>false</Variable>
		<Variable name='build_cap_policy' type='UNDEFINED'>false</Variable>
		<Variable name='soc_dist_policy' type='UNDEFINED'>false</Variable>
		<Variable name='monitoring_symtps_policy' type='UNDEFINED'>false</Variable>
		<Variable name='testing_policy' type='UNDEFINED'>false</Variable>
		<Variable name='contact_tracing_policy' type='UNDEFINED'>false</Variable>
	</Step>
	<Step id='5' >
		<Variable name='chart_display' type='DISPLAY2D'>chart_display2-5.png</Variable>
		<Variable name='num infected' type='INT'>9</Variable>
		<Variable name='infected show symptoms' type='INT'>0</Variable>
		<Variable name='infected no symptoms' type='INT'>9</Variable>
		<Variable name='active people' type='INT'>5001</Variable>
		<Variable name='dead' type='INT'>0</Variable>
		<Variable name='total infected people' type='INT'>9</Variable>
		<Variable name='masks_on_policy' type='UNDEFINED'>false</Variable>
		<Variable name='build_cap_policy' type='UNDEFINED'>false</Variable>
		<Variable name='soc_dist_policy' type='UNDEFINED'>false</Variable>
		<Variable name='monitoring_symtps_policy' type='UNDEFINED'>false</Variable>
		<Variable name='testing_policy' type='UNDEFINED'>false</Variable>
		<Variable name='contact_tracing_policy' type='UNDEFINED'>false</Variable>
	</Step>
	<Step id='6' >
		<Variable name='chart_display' type='DISPLAY2D'>chart_display2-6.png</Variable>
		<Variable name='num infected' type='INT'>10</Variable>
		<Variable name='infected show symptoms' type='INT'>0</Variable>
		<Variable name='infected no symptoms' type='INT'>10</Variable>
		<Variable name='active people' type='INT'>5001</Variable>
		<Variable name='dead' type='INT'>0</Variable>
		<Variable name='total infected people' type='INT'>10</Variable>
		<Variable name='masks_on_policy' type='UNDEFINED'>false</Variable>
		<Variable name='build_cap_policy' type='UNDEFINED'>false</Variable>
		<Variable name='soc_dist_policy' type='UNDEFINED'>false</Variable>
		<Variable name='monitoring_symtps_policy' type='UNDEFINED'>false</Variable>
		<Variable name='testing_policy' type='UNDEFINED'>false</Variable>
		<Variable name='contact_tracing_policy' type='UNDEFINED'>false</Variable>
	</Step>
	<Step id='7' >
		<Variable name='chart_display' type='DISPLAY2D'>chart_display2-7.png</Variable>
		<Variable name='num infected' type='INT'>11</Variable>
		<Variable name='infected show symptoms' type='INT'>0</Variable>
		<Variable name='infected no symptoms' type='INT'>11</Variable>
		<Variable name='active people' type='INT'>5001</Variable>
		<Variable name='dead' type='INT'>0</Variable>
		<Variable name='total infected people' type='INT'>11</Variable>
		<Variable name='masks_on_policy' type='UNDEFINED'>false</Variable>
		<Variable name='build_cap_policy' type='UNDEFINED'>false</Variable>
		<Variable name='soc_dist_policy' type='UNDEFINED'>false</Variable>
		<Variable name='monitoring_symtps_policy' type='UNDEFINED'>false</Variable>
		<Variable name='testing_policy' type='UNDEFINED'>false</Variable>
		<Variable name='contact_tracing_policy' type='UNDEFINED'>false</Variable>
	</Step>
	<Step id='8' >
		<Variable name='chart_display' type='DISPLAY2D'>chart_display2-8.png</Variable>
		<Variable name='num infected' type='INT'>11</Variable>
		<Variable name='infected show symptoms' type='INT'>0</Variable>
		<Variable name='infected no symptoms' type='INT'>11</Variable>
		<Variable name='active people' type='INT'>5001</Variable>
		<Variable name='dead' type='INT'>0</Variable>
		<Variable name='total infected people' type='INT'>11</Variable>
		<Variable name='masks_on_policy' type='UNDEFINED'>false</Variable>
		<Variable name='build_cap_policy' type='UNDEFINED'>false</Variable>
		<Variable name='soc_dist_policy' type='UNDEFINED'>false</Variable>
		<Variable name='monitoring_symtps_policy' type='UNDEFINED'>false</Variable>
		<Variable name='testing_policy' type='UNDEFINED'>false</Variable>
		<Variable name='contact_tracing_policy' type='UNDEFINED'>false</Variable>
	</Step>
	<Step id='9' >
		<Variable name='chart_display' type='DISPLAY2D'>chart_display2-9.png</Variable>
		<Variable name='num infected' type='INT'>11</Variable>
		<Variable name='infected show symptoms' type='INT'>0</Variable>
		<Variable name='infected no symptoms' type='INT'>11</Variable>
		<Variable name='active people' type='INT'>5001</Variable>
		<Variable name='dead' type='INT'>0</Variable>
		<Variable name='total infected people' type='INT'>11</Variable>
		<Variable name='masks_on_policy' type='UNDEFINED'>false</Variable>
		<Variable name='build_cap_policy' type='UNDEFINED'>false</Variable>
		<Variable name='soc_dist_policy' type='UNDEFINED'>false</Variable>
		<Variable name='monitoring_symtps_policy' type='UNDEFINED'>false</Variable>
		<Variable name='testing_policy' type='UNDEFINED'>false</Variable>
		<Variable name='contact_tracing_policy' type='UNDEFINED'>false</Variable>
	</Step>
	<Step id='10' >
		<Variable name='chart_display' type='DISPLAY2D'>chart_display2-10.png</Variable>
		<Variable name='num infected' type='INT'>12</Variable>
		<Variable name='infected show symptoms' type='INT'>0</Variable>
		<Variable name='infected no symptoms' type='INT'>12</Variable>
		<Variable name='active people' type='INT'>5001</Variable>
		<Variable name='dead' type='INT'>0</Variable>
		<Variable name='total infected people' type='INT'>12</Variable>
		<Variable name='masks_on_policy' type='UNDEFINED'>false</Variable>
		<Variable name='build_cap_policy' type='UNDEFINED'>false</Variable>
		<Variable name='soc_dist_policy' type='UNDEFINED'>false</Variable>
		<Variable name='monitoring_symtps_policy' type='UNDEFINED'>false</Variable>
		<Variable name='testing_policy' type='UNDEFINED'>false</Variable>
		<Variable name='contact_tracing_policy' type='UNDEFINED'>false</Variable>
	</Step>
	<Step id='11' >
		<Variable name='chart_display' type='DISPLAY2D'>chart_display2-11.png</Variable>
		<Variable name='num infected' type='INT'>12</Variable>
		<Variable name='infected show symptoms' type='INT'>0</Variable>
		<Variable name='infected no symptoms' type='INT'>12</Variable>
		<Variable name='active people' type='INT'>5001</Variable>
		<Variable name='dead' type='INT'>0</Variable>
		<Variable name='total infected people' type='INT'>12</Variable>
		<Variable name='masks_on_policy' type='UNDEFINED'>false</Variable>
		<Variable name='build_cap_policy' type='UNDEFINED'>false</Variable>
		<Variable name='soc_dist_policy' type='UNDEFINED'>false</Variable>
		<Variable name='monitoring_symtps_policy' type='UNDEFINED'>false</Variable>
		<Variable name='testing_policy' type='UNDEFINED'>false</Variable>
		<Variable name='contact_tracing_policy' type='UNDEFINED'>false</Variable>
	</Step>
	<Step id='12' >
		<Variable name='chart_display' type='DISPLAY2D'>chart_display2-12.png</Variable>
		<Variable name='num infected' type='INT'>14</Variable>
		<Variable name='infected show symptoms' type='INT'>0</Variable>
		<Variable name='infected no symptoms' type='INT'>14</Variable>
		<Variable name='active people' type='INT'>5001</Variable>
		<Variable name='dead' type='INT'>0</Variable>
		<Variable name='total infected people' type='INT'>14</Variable>
		<Variable name='masks_on_policy' type='UNDEFINED'>false</Variable>
		<Variable name='build_cap_policy' type='UNDEFINED'>false</Variable>
		<Variable name='soc_dist_policy' type='UNDEFINED'>false</Variable>
		<Variable name='monitoring_symtps_policy' type='UNDEFINED'>false</Variable>
		<Variable name='testing_policy' type='UNDEFINED'>false</Variable>
		<Variable name='contact_tracing_policy' type='UNDEFINED'>false</Variable>
	</Step>
	<Step id='13' >
		<Variable name='chart_display' type='DISPLAY2D'>chart_display2-13.png</Variable>
		<Variable name='num infected' type='INT'>14</Variable>
		<Variable name='infected show symptoms' type='INT'>0</Variable>
		<Variable name='infected no symptoms' type='INT'>14</Variable>
		<Variable name='active people' type='INT'>5001</Variable>
		<Variable name='dead' type='INT'>0</Variable>
		<Variable name='total infected people' type='INT'>14</Variable>
		<Variable name='masks_on_policy' type='UNDEFINED'>false</Variable>
		<Variable name='build_cap_policy' type='UNDEFINED'>false</Variable>
		<Variable name='soc_dist_policy' type='UNDEFINED'>false</Variable>
		<Variable name='monitoring_symtps_policy' type='UNDEFINED'>false</Variable>
		<Variable name='testing_policy' type='UNDEFINED'>false</Variable>
		<Variable name='contact_tracing_policy' type='UNDEFINED'>false</Variable>
	</Step>
	<Step id='14' >
		<Variable name='chart_display' type='DISPLAY2D'>chart_display2-14.png</Variable>
		<Variable name='num infected' type='INT'>15</Variable>
		<Variable name='infected show symptoms' type='INT'>0</Variable>
		<Variable name='infected no symptoms' type='INT'>15</Variable>
		<Variable name='active people' type='INT'>5001</Variable>
		<Variable name='dead' type='INT'>0</Variable>
		<Variable name='total infected people' type='INT'>15</Variable>
		<Variable name='masks_on_policy' type='UNDEFINED'>false</Variable>
		<Variable name='build_cap_policy' type='UNDEFINED'>false</Variable>
		<Variable name='soc_dist_policy' type='UNDEFINED'>false</Variable>
		<Variable name='monitoring_symtps_policy' type='UNDEFINED'>false</Variable>
		<Variable name='testing_policy' type='UNDEFINED'>false</Variable>
		<Variable name='contact_tracing_policy' type='UNDEFINED'>false</Variable>
	</Step>
	<Step id='15' >
		<Variable name='chart_display' type='DISPLAY2D'>chart_display2-15.png</Variable>
		<Variable name='num infected' type='INT'>15</Variable>
		<Variable name='infected show symptoms' type='INT'>0</Variable>
		<Variable name='infected no symptoms' type='INT'>15</Variable>
		<Variable name='active people' type='INT'>5001</Variable>
		<Variable name='dead' type='INT'>0</Variable>
		<Variable name='total infected people' type='INT'>15</Variable>
		<Variable name='masks_on_policy' type='UNDEFINED'>false</Variable>
		<Variable name='build_cap_policy' type='UNDEFINED'>false</Variable>
		<Variable name='soc_dist_policy' type='UNDEFINED'>false</Variable>
		<Variable name='monitoring_symtps_policy' type='UNDEFINED'>false</Variable>
		<Variable name='testing_policy' type='UNDEFINED'>false</Variable>
		<Variable name='contact_tracing_policy' type='UNDEFINED'>false</Variable>
	</Step>
	<Step id='16' >
		<Variable name='chart_display' type='DISPLAY2D'>chart_display2-16.png</Variable>
		<Variable name='num infected' type='INT'>15</Variable>
		<Variable name='infected show symptoms' type='INT'>0</Variable>
		<Variable name='infected no symptoms' type='INT'>15</Variable>
		<Variable name='active people' type='INT'>5001</Variable>
		<Variable name='dead' type='INT'>0</Variable>
		<Variable name='total infected people' type='INT'>15</Variable>
		<Variable name='masks_on_policy' type='UNDEFINED'>false</Variable>
		<Variable name='build_cap_policy' type='UNDEFINED'>false</Variable>
		<Variable name='soc_dist_policy' type='UNDEFINED'>false</Variable>
		<Variable name='monitoring_symtps_policy' type='UNDEFINED'>false</Variable>
		<Variable name='testing_policy' type='UNDEFINED'>false</Variable>
		<Variable name='contact_tracing_policy' type='UNDEFINED'>false</Variable>
	</Step>
	<Step id='17' >
		<Variable name='chart_display' type='DISPLAY2D'>chart_display2-17.png</Variable>
		<Variable name='num infected' type='INT'>15</Variable>
		<Variable name='infected show symptoms' type='INT'>0</Variable>
		<Variable name='infected no symptoms' type='INT'>15</Variable>
		<Variable name='active people' type='INT'>5001</Variable>
		<Variable name='dead' type='INT'>0</Variable>
		<Variable name='total infected people' type='INT'>15</Variable>
		<Variable name='masks_on_policy' type='UNDEFINED'>false</Variable>
		<Variable name='build_cap_policy' type='UNDEFINED'>false</Variable>
		<Variable name='soc_dist_policy' type='UNDEFINED'>false</Variable>
		<Variable name='monitoring_symtps_policy' type='UNDEFINED'>false</Variable>
		<Variable name='testing_policy' type='UNDEFINED'>false</Variable>
		<Variable name='contact_tracing_policy' type='UNDEFINED'>false</Variable>
	</Step>
	<Step id='18' >
		<Variable name='chart_display' type='DISPLAY2D'>chart_display2-18.png</Variable>
		<Variable name='num infected' type='INT'>15</Variable>
		<Variable name='infected show symptoms' type='INT'>1</Variable>
		<Variable name='infected no symptoms' type='INT'>14</Variable>
		<Variable name='active people' type='INT'>5001</Variable>
		<Variable name='dead' type='INT'>0</Variable>
		<Variable name='total infected people' type='INT'>15</Variable>
		<Variable name='masks_on_policy' type='UNDEFINED'>false</Variable>
		<Variable name='build_cap_policy' type='UNDEFINED'>false</Variable>
		<Variable name='soc_dist_policy' type='UNDEFINED'>false</Variable>
		<Variable name='monitoring_symtps_policy' type='UNDEFINED'>false</Variable>
		<Variable name='testing_policy' type='UNDEFINED'>false</Variable>
		<Variable name='contact_tracing_policy' type='UNDEFINED'>false</Variable>
	</Step>
	<Step id='19' >
		<Variable name='chart_display' type='DISPLAY2D'>chart_display2-19.png</Variable>
		<Variable name='num infected' type='INT'>18</Variable>
		<Variable name='infected show symptoms' type='INT'>1</Variable>
		<Variable name='infected no symptoms' type='INT'>17</Variable>
		<Variable name='active people' type='INT'>5001</Variable>
		<Variable name='dead' type='INT'>0</Variable>
		<Variable name='total infected people' type='INT'>18</Variable>
		<Variable name='masks_on_policy' type='UNDEFINED'>false</Variable>
		<Variable name='build_cap_policy' type='UNDEFINED'>false</Variable>
		<Variable name='soc_dist_policy' type='UNDEFINED'>false</Variable>
		<Variable name='monitoring_symtps_policy' type='UNDEFINED'>false</Variable>
		<Variable name='testing_policy' type='UNDEFINED'>false</Variable>
		<Variable name='contact_tracing_policy' type='UNDEFINED'>false</Variable>
	</Step>
	<Step id='20' >
		<Variable name='chart_display' type='DISPLAY2D'>chart_display2-20.png</Variable>
		<Variable name='num infected' type='INT'>19</Variable>
		<Variable name='infected show symptoms' type='INT'>1</Variable>
		<Variable name='infected no symptoms' type='INT'>18</Variable>
		<Variable name='active people' type='INT'>5001</Variable>
		<Variable name='dead' type='INT'>0</Variable>
		<Variable name='total infected people' type='INT'>19</Variable>
		<Variable name='masks_on_policy' type='UNDEFINED'>false</Variable>
		<Variable name='build_cap_policy' type='UNDEFINED'>false</Variable>
		<Variable name='soc_dist_policy' type='UNDEFINED'>false</Variable>
		<Variable name='monitoring_symtps_policy' type='UNDEFINED'>false</Variable>
		<Variable name='testing_policy' type='UNDEFINED'>false</Variable>
		<Variable name='contact_tracing_policy' type='UNDEFINED'>false</Variable>
	</Step>
	<Step id='21' >
		<Variable name='chart_display' type='DISPLAY2D'>chart_display2-21.png</Variable>
		<Variable name='num infected' type='INT'>19</Variable>
		<Variable name='infected show symptoms' type='INT'>1</Variable>
		<Variable name='infected no symptoms' type='INT'>18</Variable>
		<Variable name='active people' type='INT'>5001</Variable>
		<Variable name='dead' type='INT'>0</Variable>
		<Variable name='total infected people' type='INT'>19</Variable>
		<Variable name='masks_on_policy' type='UNDEFINED'>false</Variable>
		<Variable name='build_cap_policy' type='UNDEFINED'>false</Variable>
		<Variable name='soc_dist_policy' type='UNDEFINED'>false</Variable>
		<Variable name='monitoring_symtps_policy' type='UNDEFINED'>false</Variable>
		<Variable name='testing_policy' type='UNDEFINED'>false</Variable>
		<Variable name='contact_tracing_policy' type='UNDEFINED'>false</Variable>
	</Step>
	<Step id='22' >
		<Variable name='chart_display' type='DISPLAY2D'>chart_display2-22.png</Variable>
		<Variable name='num infected' type='INT'>19</Variable>
		<Variable name='infected show symptoms' type='INT'>1</Variable>
		<Variable name='infected no symptoms' type='INT'>18</Variable>
		<Variable name='active people' type='INT'>5001</Variable>
		<Variable name='dead' type='INT'>0</Variable>
		<Variable name='total infected people' type='INT'>19</Variable>
		<Variable name='masks_on_policy' type='UNDEFINED'>false</Variable>
		<Variable name='build_cap_policy' type='UNDEFINED'>false</Variable>
		<Variable name='soc_dist_policy' type='UNDEFINED'>false</Variable>
		<Variable name='monitoring_symtps_policy' type='UNDEFINED'>false</Variable>
		<Variable name='testing_policy' type='UNDEFINED'>false</Variable>
		<Variable name='contact_tracing_policy' type='UNDEFINED'>false</Variable>
	</Step>
	<Step id='23' >
		<Variable name='chart_display' type='DISPLAY2D'>chart_display2-23.png</Variable>
		<Variable name='num infected' type='INT'>19</Variable>
		<Variable name='infected show symptoms' type='INT'>1</Variable>
		<Variable name='infected no symptoms' type='INT'>18</Variable>
		<Variable name='active people' type='INT'>5001</Variable>
		<Variable name='dead' type='INT'>0</Variable>
		<Variable name='total infected people' type='INT'>19</Variable>
		<Variable name='masks_on_policy' type='UNDEFINED'>false</Variable>
		<Variable name='build_cap_policy' type='UNDEFINED'>false</Variable>
		<Variable name='soc_dist_policy' type='UNDEFINED'>false</Variable>
		<Variable name='monitoring_symtps_policy' type='UNDEFINED'>false</Variable>
		<Variable name='testing_policy' type='UNDEFINED'>false</Variable>
		<Variable name='contact_tracing_policy' type='UNDEFINED'>false</Variable>
	</Step>
	<Step id='24' >
		<Variable name='chart_display' type='DISPLAY2D'>chart_display2-24.png</Variable>
		<Variable name='num infected' type='INT'>20</Variable>
		<Variable name='infected show symptoms' type='INT'>1</Variable>
		<Variable name='infected no symptoms' type='INT'>19</Variable>
		<Variable name='active people' type='INT'>5001</Variable>
		<Variable name='dead' type='INT'>0</Variable>
		<Variable name='total infected people' type='INT'>20</Variable>
		<Variable name='masks_on_policy' type='UNDEFINED'>false</Variable>
		<Variable name='build_cap_policy' type='UNDEFINED'>false</Variable>
		<Variable name='soc_dist_policy' type='UNDEFINED'>false</Variable>
		<Variable name='monitoring_symtps_policy' type='UNDEFINED'>false</Variable>
		<Variable name='testing_policy' type='UNDEFINED'>false</Variable>
		<Variable name='contact_tracing_policy' type='UNDEFINED'>false</Variable>
	</Step>
	<Step id='25' >
		<Variable name='chart_display' type='DISPLAY2D'>chart_display2-25.png</Variable>
		<Variable name='num infected' type='INT'>23</Variable>
		<Variable name='infected show symptoms' type='INT'>1</Variable>
		<Variable name='infected no symptoms' type='INT'>22</Variable>
		<Variable name='active people' type='INT'>5001</Variable>
		<Variable name='dead' type='INT'>0</Variable>
		<Variable name='total infected people' type='INT'>23</Variable>
		<Variable name='masks_on_policy' type='UNDEFINED'>false</Variable>
		<Variable name='build_cap_policy' type='UNDEFINED'>false</Variable>
		<Variable name='soc_dist_policy' type='UNDEFINED'>false</Variable>
		<Variable name='monitoring_symtps_policy' type='UNDEFINED'>false</Variable>
		<Variable name='testing_policy' type='UNDEFINED'>false</Variable>
		<Variable name='contact_tracing_policy' type='UNDEFINED'>false</Variable>
	</Step>
	<Step id='26' >
		<Variable name='chart_display' type='DISPLAY2D'>chart_display2-26.png</Variable>
		<Variable name='num infected' type='INT'>25</Variable>
		<Variable name='infected show symptoms' type='INT'>2</Variable>
		<Variable name='infected no symptoms' type='INT'>23</Variable>
		<Variable name='active people' type='INT'>5001</Variable>
		<Variable name='dead' type='INT'>0</Variable>
		<Variable name='total infected people' type='INT'>25</Variable>
		<Variable name='masks_on_policy' type='UNDEFINED'>false</Variable>
		<Variable name='build_cap_policy' type='UNDEFINED'>false</Variable>
		<Variable name='soc_dist_policy' type='UNDEFINED'>false</Variable>
		<Variable name='monitoring_symtps_policy' type='UNDEFINED'>false</Variable>
		<Variable name='testing_policy' type='UNDEFINED'>false</Variable>
		<Variable name='contact_tracing_policy' type='UNDEFINED'>false</Variable>
	</Step>
	<Step id='27' >
		<Variable name='chart_display' type='DISPLAY2D'>chart_display2-27.png</Variable>
		<Variable name='num infected' type='INT'>25</Variable>
		<Variable name='infected show symptoms' type='INT'>2</Variable>
		<Variable name='infected no symptoms' type='INT'>23</Variable>
		<Variable name='active people' type='INT'>5001</Variable>
		<Variable name='dead' type='INT'>0</Variable>
		<Variable name='total infected people' type='INT'>25</Variable>
		<Variable name='masks_on_policy' type='UNDEFINED'>false</Variable>
		<Variable name='build_cap_policy' type='UNDEFINED'>false</Variable>
		<Variable name='soc_dist_policy' type='UNDEFINED'>false</Variable>
		<Variable name='monitoring_symtps_policy' type='UNDEFINED'>false</Variable>
		<Variable name='testing_policy' type='UNDEFINED'>false</Variable>
		<Variable name='contact_tracing_policy' type='UNDEFINED'>false</Variable>
	</Step>
	<Step id='28' >
		<Variable name='chart_display' type='DISPLAY2D'>chart_display2-28.png</Variable>
		<Variable name='num infected' type='INT'>30</Variable>
		<Variable name='infected show symptoms' type='INT'>2</Variable>
		<Variable name='infected no symptoms' type='INT'>28</Variable>
		<Variable name='active people' type='INT'>5001</Variable>
		<Variable name='dead' type='INT'>0</Variable>
		<Variable name='total infected people' type='INT'>30</Variable>
		<Variable name='masks_on_policy' type='UNDEFINED'>false</Variable>
		<Variable name='build_cap_policy' type='UNDEFINED'>false</Variable>
		<Variable name='soc_dist_policy' type='UNDEFINED'>false</Variable>
		<Variable name='monitoring_symtps_policy' type='UNDEFINED'>false</Variable>
		<Variable name='testing_policy' type='UNDEFINED'>false</Variable>
		<Variable name='contact_tracing_policy' type='UNDEFINED'>false</Variable>
	</Step>
	<Step id='29' >
		<Variable name='chart_display' type='DISPLAY2D'>chart_display2-29.png</Variable>
		<Variable name='num infected' type='INT'>30</Variable>
		<Variable name='infected show symptoms' type='INT'>4</Variable>
		<Variable name='infected no symptoms' type='INT'>26</Variable>
		<Variable name='active people' type='INT'>5001</Variable>
		<Variable name='dead' type='INT'>0</Variable>
		<Variable name='total infected people' type='INT'>30</Variable>
		<Variable name='masks_on_policy' type='UNDEFINED'>false</Variable>
		<Variable name='build_cap_policy' type='UNDEFINED'>false</Variable>
		<Variable name='soc_dist_policy' type='UNDEFINED'>false</Variable>
		<Variable name='monitoring_symtps_policy' type='UNDEFINED'>false</Variable>
		<Variable name='testing_policy' type='UNDEFINED'>false</Variable>
		<Variable name='contact_tracing_policy' type='UNDEFINED'>false</Variable>
	</Step>
	<Step id='30' >
		<Variable name='chart_display' type='DISPLAY2D'>chart_display2-30.png</Variable>
		<Variable name='num infected' type='INT'>31</Variable>
		<Variable name='infected show symptoms' type='INT'>5</Variable>
		<Variable name='infected no symptoms' type='INT'>26</Variable>
		<Variable name='active people' type='INT'>5001</Variable>
		<Variable name='dead' type='INT'>0</Variable>
		<Variable name='total infected people' type='INT'>31</Variable>
		<Variable name='masks_on_policy' type='UNDEFINED'>false</Variable>
		<Variable name='build_cap_policy' type='UNDEFINED'>false</Variable>
		<Variable name='soc_dist_policy' type='UNDEFINED'>false</Variable>
		<Variable name='monitoring_symtps_policy' type='UNDEFINED'>false</Variable>
		<Variable name='testing_policy' type='UNDEFINED'>false</Variable>
		<Variable name='contact_tracing_policy' type='UNDEFINED'>false</Variable>
	</Step>
	<Step id='31' >
		<Variable name='chart_display' type='DISPLAY2D'>chart_display2-31.png</Variable>
		<Variable name='num infected' type='INT'>39</Variable>
		<Variable name='infected show symptoms' type='INT'>5</Variable>
		<Variable name='infected no symptoms' type='INT'>34</Variable>
		<Variable name='active people' type='INT'>5001</Variable>
		<Variable name='dead' type='INT'>0</Variable>
		<Variable name='total infected people' type='INT'>39</Variable>
		<Variable name='masks_on_policy' type='UNDEFINED'>false</Variable>
		<Variable name='build_cap_policy' type='UNDEFINED'>false</Variable>
		<Variable name='soc_dist_policy' type='UNDEFINED'>false</Variable>
		<Variable name='monitoring_symtps_policy' type='UNDEFINED'>false</Variable>
		<Variable name='testing_policy' type='UNDEFINED'>false</Variable>
		<Variable name='contact_tracing_policy' type='UNDEFINED'>false</Variable>
	</Step>
	<Step id='32' >
		<Variable name='chart_display' type='DISPLAY2D'>chart_display2-32.png</Variable>
		<Variable name='num infected' type='INT'>43</Variable>
		<Variable name='infected show symptoms' type='INT'>7</Variable>
		<Variable name='infected no symptoms' type='INT'>36</Variable>
		<Variable name='active people' type='INT'>5001</Variable>
		<Variable name='dead' type='INT'>0</Variable>
		<Variable name='total infected people' type='INT'>43</Variable>
		<Variable name='masks_on_policy' type='UNDEFINED'>false</Variable>
		<Variable name='build_cap_policy' type='UNDEFINED'>false</Variable>
		<Variable name='soc_dist_policy' type='UNDEFINED'>false</Variable>
		<Variable name='monitoring_symtps_policy' type='UNDEFINED'>false</Variable>
		<Variable name='testing_policy' type='UNDEFINED'>false</Variable>
		<Variable name='contact_tracing_policy' type='UNDEFINED'>false</Variable>
	</Step>
	<Step id='33' >
		<Variable name='chart_display' type='DISPLAY2D'>chart_display2-33.png</Variable>
		<Variable name='num infected' type='INT'>45</Variable>
		<Variable name='infected show symptoms' type='INT'>7</Variable>
		<Variable name='infected no symptoms' type='INT'>38</Variable>
		<Variable name='active people' type='INT'>5001</Variable>
		<Variable name='dead' type='INT'>0</Variable>
		<Variable name='total infected people' type='INT'>45</Variable>
		<Variable name='masks_on_policy' type='UNDEFINED'>false</Variable>
		<Variable name='build_cap_policy' type='UNDEFINED'>false</Variable>
		<Variable name='soc_dist_policy' type='UNDEFINED'>false</Variable>
		<Variable name='monitoring_symtps_policy' type='UNDEFINED'>false</Variable>
		<Variable name='testing_policy' type='UNDEFINED'>false</Variable>
		<Variable name='contact_tracing_policy' type='UNDEFINED'>false</Variable>
	</Step>
	<Step id='34' >
		<Variable name='chart_display' type='DISPLAY2D'>chart_display2-34.png</Variable>
		<Variable name='num infected' type='INT'>50</Variable>
		<Variable name='infected show symptoms' type='INT'>7</Variable>
		<Variable name='infected no symptoms' type='INT'>43</Variable>
		<Variable name='active people' type='INT'>5001</Variable>
		<Variable name='dead' type='INT'>0</Variable>
		<Variable name='total infected people' type='INT'>50</Variable>
		<Variable name='masks_on_policy' type='UNDEFINED'>false</Variable>
		<Variable name='build_cap_policy' type='UNDEFINED'>false</Variable>
		<Variable name='soc_dist_policy' type='UNDEFINED'>false</Variable>
		<Variable name='monitoring_symtps_policy' type='UNDEFINED'>false</Variable>
		<Variable name='testing_policy' type='UNDEFINED'>false</Variable>
		<Variable name='contact_tracing_policy' type='UNDEFINED'>false</Variable>
	</Step>
	<Step id='35' >
		<Variable name='chart_display' type='DISPLAY2D'>chart_display2-35.png</Variable>
		<Variable name='num infected' type='INT'>58</Variable>
		<Variable name='infected show symptoms' type='INT'>7</Variable>
		<Variable name='infected no symptoms' type='INT'>51</Variable>
		<Variable name='active people' type='INT'>5001</Variable>
		<Variable name='dead' type='INT'>0</Variable>
		<Variable name='total infected people' type='INT'>58</Variable>
		<Variable name='masks_on_policy' type='UNDEFINED'>false</Variable>
		<Variable name='build_cap_policy' type='UNDEFINED'>false</Variable>
		<Variable name='soc_dist_policy' type='UNDEFINED'>false</Variable>
		<Variable name='monitoring_symtps_policy' type='UNDEFINED'>false</Variable>
		<Variable name='testing_policy' type='UNDEFINED'>false</Variable>
		<Variable name='contact_tracing_policy' type='UNDEFINED'>false</Variable>
	</Step>
	<Step id='36' >
		<Variable name='chart_display' type='DISPLAY2D'>chart_display2-36.png</Variable>
		<Variable name='num infected' type='INT'>64</Variable>
		<Variable name='infected show symptoms' type='INT'>7</Variable>
		<Variable name='infected no symptoms' type='INT'>57</Variable>
		<Variable name='active people' type='INT'>5001</Variable>
		<Variable name='dead' type='INT'>0</Variable>
		<Variable name='total infected people' type='INT'>64</Variable>
		<Variable name='masks_on_policy' type='UNDEFINED'>false</Variable>
		<Variable name='build_cap_policy' type='UNDEFINED'>false</Variable>
		<Variable name='soc_dist_policy' type='UNDEFINED'>false</Variable>
		<Variable name='monitoring_symtps_policy' type='UNDEFINED'>false</Variable>
		<Variable name='testing_policy' type='UNDEFINED'>false</Variable>
		<Variable name='contact_tracing_policy' type='UNDEFINED'>false</Variable>
	</Step>
	<Step id='37' >
		<Variable name='chart_display' type='DISPLAY2D'>chart_display2-37.png</Variable>
		<Variable name='num infected' type='INT'>67</Variable>
		<Variable name='infected show symptoms' type='INT'>9</Variable>
		<Variable name='infected no symptoms' type='INT'>58</Variable>
		<Variable name='active people' type='INT'>5001</Variable>
		<Variable name='dead' type='INT'>0</Variable>
		<Variable name='total infected people' type='INT'>67</Variable>
		<Variable name='masks_on_policy' type='UNDEFINED'>false</Variable>
		<Variable name='build_cap_policy' type='UNDEFINED'>false</Variable>
		<Variable name='soc_dist_policy' type='UNDEFINED'>false</Variable>
		<Variable name='monitoring_symtps_policy' type='UNDEFINED'>false</Variable>
		<Variable name='testing_policy' type='UNDEFINED'>false</Variable>
		<Variable name='contact_tracing_policy' type='UNDEFINED'>false</Variable>
	</Step>
	<Step id='38' >
		<Variable name='chart_display' type='DISPLAY2D'>chart_display2-38.png</Variable>
		<Variable name='num infected' type='INT'>70</Variable>
		<Variable name='infected show symptoms' type='INT'>9</Variable>
		<Variable name='infected no symptoms' type='INT'>61</Variable>
		<Variable name='active people' type='INT'>5001</Variable>
		<Variable name='dead' type='INT'>0</Variable>
		<Variable name='total infected people' type='INT'>70</Variable>
		<Variable name='masks_on_policy' type='UNDEFINED'>false</Variable>
		<Variable name='build_cap_policy' type='UNDEFINED'>false</Variable>
		<Variable name='soc_dist_policy' type='UNDEFINED'>false</Variable>
		<Variable name='monitoring_symtps_policy' type='UNDEFINED'>false</Variable>
		<Variable name='testing_policy' type='UNDEFINED'>false</Variable>
		<Variable name='contact_tracing_policy' type='UNDEFINED'>false</Variable>
	</Step>
	<Step id='39' >
		<Variable name='chart_display' type='DISPLAY2D'>chart_display2-39.png</Variable>
		<Variable name='num infected' type='INT'>83</Variable>
		<Variable name='infected show symptoms' type='INT'>9</Variable>
		<Variable name='infected no symptoms' type='INT'>74</Variable>
		<Variable name='active people' type='INT'>5001</Variable>
		<Variable name='dead' type='INT'>0</Variable>
		<Variable name='total infected people' type='INT'>83</Variable>
		<Variable name='masks_on_policy' type='UNDEFINED'>false</Variable>
		<Variable name='build_cap_policy' type='UNDEFINED'>false</Variable>
		<Variable name='soc_dist_policy' type='UNDEFINED'>false</Variable>
		<Variable name='monitoring_symtps_policy' type='UNDEFINED'>false</Variable>
		<Variable name='testing_policy' type='UNDEFINED'>false</Variable>
		<Variable name='contact_tracing_policy' type='UNDEFINED'>false</Variable>
	</Step>
	<Step id='40' >
		<Variable name='chart_display' type='DISPLAY2D'>chart_display2-40.png</Variable>
		<Variable name='num infected' type='INT'>94</Variable>
		<Variable name='infected show symptoms' type='INT'>9</Variable>
		<Variable name='infected no symptoms' type='INT'>85</Variable>
		<Variable name='active people' type='INT'>5001</Variable>
		<Variable name='dead' type='INT'>0</Variable>
		<Variable name='total infected people' type='INT'>94</Variable>
		<Variable name='masks_on_policy' type='UNDEFINED'>false</Variable>
		<Variable name='build_cap_policy' type='UNDEFINED'>false</Variable>
		<Variable name='soc_dist_policy' type='UNDEFINED'>false</Variable>
		<Variable name='monitoring_symtps_policy' type='UNDEFINED'>false</Variable>
		<Variable name='testing_policy' type='UNDEFINED'>false</Variable>
		<Variable name='contact_tracing_policy' type='UNDEFINED'>false</Variable>
	</Step>
	<Step id='41' >
		<Variable name='chart_display' type='DISPLAY2D'>chart_display2-41.png</Variable>
		<Variable name='num infected' type='INT'>150</Variable>
		<Variable name='infected show symptoms' type='INT'>9</Variable>
		<Variable name='infected no symptoms' type='INT'>141</Variable>
		<Variable name='active people' type='INT'>5001</Variable>
		<Variable name='dead' type='INT'>0</Variable>
		<Variable name='total infected people' type='INT'>150</Variable>
		<Variable name='masks_on_policy' type='UNDEFINED'>false</Variable>
		<Variable name='build_cap_policy' type='UNDEFINED'>false</Variable>
		<Variable name='soc_dist_policy' type='UNDEFINED'>false</Variable>
		<Variable name='monitoring_symtps_policy' type='UNDEFINED'>false</Variable>
		<Variable name='testing_policy' type='UNDEFINED'>false</Variable>
		<Variable name='contact_tracing_policy' type='UNDEFINED'>false</Variable>
	</Step>
	<Step id='42' >
		<Variable name='chart_display' type='DISPLAY2D'>chart_display2-42.png</Variable>
		<Variable name='num infected' type='INT'>171</Variable>
		<Variable name='infected show symptoms' type='INT'>9</Variable>
		<Variable name='infected no symptoms' type='INT'>162</Variable>
		<Variable name='active people' type='INT'>5001</Variable>
		<Variable name='dead' type='INT'>0</Variable>
		<Variable name='total infected people' type='INT'>171</Variable>
		<Variable name='masks_on_policy' type='UNDEFINED'>false</Variable>
		<Variable name='build_cap_policy' type='UNDEFINED'>false</Variable>
		<Variable name='soc_dist_policy' type='UNDEFINED'>false</Variable>
		<Variable name='monitoring_symtps_policy' type='UNDEFINED'>false</Variable>
		<Variable name='testing_policy' type='UNDEFINED'>false</Variable>
		<Variable name='contact_tracing_policy' type='UNDEFINED'>false</Variable>
	</Step>
	<Step id='43' >
		<Variable name='chart_display' type='DISPLAY2D'>chart_display2-43.png</Variable>
		<Variable name='num infected' type='INT'>186</Variable>
		<Variable name='infected show symptoms' type='INT'>10</Variable>
		<Variable name='infected no symptoms' type='INT'>176</Variable>
		<Variable name='active people' type='INT'>5001</Variable>
		<Variable name='dead' type='INT'>0</Variable>
		<Variable name='total infected people' type='INT'>186</Variable>
		<Variable name='masks_on_policy' type='UNDEFINED'>false</Variable>
		<Variable name='build_cap_policy' type='UNDEFINED'>false</Variable>
		<Variable name='soc_dist_policy' type='UNDEFINED'>false</Variable>
		<Variable name='monitoring_symtps_policy' type='UNDEFINED'>false</Variable>
		<Variable name='testing_policy' type='UNDEFINED'>false</Variable>
		<Variable name='contact_tracing_policy' type='UNDEFINED'>false</Variable>
	</Step>
	<Step id='44' >
		<Variable name='chart_display' type='DISPLAY2D'>chart_display2-44.png</Variable>
		<Variable name='num infected' type='INT'>205</Variable>
		<Variable name='infected show symptoms' type='INT'>11</Variable>
		<Variable name='infected no symptoms' type='INT'>194</Variable>
		<Variable name='active people' type='INT'>5001</Variable>
		<Variable name='dead' type='INT'>0</Variable>
		<Variable name='total infected people' type='INT'>205</Variable>
		<Variable name='masks_on_policy' type='UNDEFINED'>false</Variable>
		<Variable name='build_cap_policy' type='UNDEFINED'>false</Variable>
		<Variable name='soc_dist_policy' type='UNDEFINED'>false</Variable>
		<Variable name='monitoring_symtps_policy' type='UNDEFINED'>false</Variable>
		<Variable name='testing_policy' type='UNDEFINED'>false</Variable>
		<Variable name='contact_tracing_policy' type='UNDEFINED'>false</Variable>
	</Step>
	<Step id='45' >
		<Variable name='chart_display' type='DISPLAY2D'>chart_display2-45.png</Variable>
		<Variable name='num infected' type='INT'>227</Variable>
		<Variable name='infected show symptoms' type='INT'>11</Variable>
		<Variable name='infected no symptoms' type='INT'>216</Variable>
		<Variable name='active people' type='INT'>5001</Variable>
		<Variable name='dead' type='INT'>0</Variable>
		<Variable name='total infected people' type='INT'>227</Variable>
		<Variable name='masks_on_policy' type='UNDEFINED'>false</Variable>
		<Variable name='build_cap_policy' type='UNDEFINED'>false</Variable>
		<Variable name='soc_dist_policy' type='UNDEFINED'>false</Variable>
		<Variable name='monitoring_symtps_policy' type='UNDEFINED'>false</Variable>
		<Variable name='testing_policy' type='UNDEFINED'>false</Variable>
		<Variable name='contact_tracing_policy' type='UNDEFINED'>false</Variable>
	</Step>
	<Step id='46' >
		<Variable name='chart_display' type='DISPLAY2D'>chart_display2-46.png</Variable>
		<Variable name='num infected' type='INT'>248</Variable>
		<Variable name='infected show symptoms' type='INT'>12</Variable>
		<Variable name='infected no symptoms' type='INT'>236</Variable>
		<Variable name='active people' type='INT'>5001</Variable>
		<Variable name='dead' type='INT'>0</Variable>
		<Variable name='total infected people' type='INT'>248</Variable>
		<Variable name='masks_on_policy' type='UNDEFINED'>false</Variable>
		<Variable name='build_cap_policy' type='UNDEFINED'>false</Variable>
		<Variable name='soc_dist_policy' type='UNDEFINED'>false</Variable>
		<Variable name='monitoring_symtps_policy' type='UNDEFINED'>false</Variable>
		<Variable name='testing_policy' type='UNDEFINED'>false</Variable>
		<Variable name='contact_tracing_policy' type='UNDEFINED'>false</Variable>
	</Step>
	<Step id='47' >
		<Variable name='chart_display' type='DISPLAY2D'>chart_display2-47.png</Variable>
		<Variable name='num infected' type='INT'>271</Variable>
		<Variable name='infected show symptoms' type='INT'>13</Variable>
		<Variable name='infected no symptoms' type='INT'>258</Variable>
		<Variable name='active people' type='INT'>5001</Variable>
		<Variable name='dead' type='INT'>0</Variable>
		<Variable name='total infected people' type='INT'>271</Variable>
		<Variable name='masks_on_policy' type='UNDEFINED'>false</Variable>
		<Variable name='build_cap_policy' type='UNDEFINED'>false</Variable>
		<Variable name='soc_dist_policy' type='UNDEFINED'>false</Variable>
		<Variable name='monitoring_symtps_policy' type='UNDEFINED'>false</Variable>
		<Variable name='testing_policy' type='UNDEFINED'>false</Variable>
		<Variable name='contact_tracing_policy' type='UNDEFINED'>false</Variable>
	</Step>
	<Step id='48' >
		<Variable name='chart_display' type='DISPLAY2D'>chart_display2-48.png</Variable>
		<Variable name='num infected' type='INT'>288</Variable>
		<Variable name='infected show symptoms' type='INT'>13</Variable>
		<Variable name='infected no symptoms' type='INT'>275</Variable>
		<Variable name='active people' type='INT'>5001</Variable>
		<Variable name='dead' type='INT'>0</Variable>
		<Variable name='total infected people' type='INT'>288</Variable>
		<Variable name='masks_on_policy' type='UNDEFINED'>false</Variable>
		<Variable name='build_cap_policy' type='UNDEFINED'>false</Variable>
		<Variable name='soc_dist_policy' type='UNDEFINED'>false</Variable>
		<Variable name='monitoring_symtps_policy' type='UNDEFINED'>false</Variable>
		<Variable name='testing_policy' type='UNDEFINED'>false</Variable>
		<Variable name='contact_tracing_policy' type='UNDEFINED'>false</Variable>
	</Step>
	<Step id='49' >
		<Variable name='chart_display' type='DISPLAY2D'>chart_display2-49.png</Variable>
		<Variable name='num infected' type='INT'>308</Variable>
		<Variable name='infected show symptoms' type='INT'>13</Variable>
		<Variable name='infected no symptoms' type='INT'>295</Variable>
		<Variable name='active people' type='INT'>5001</Variable>
		<Variable name='dead' type='INT'>0</Variable>
		<Variable name='total infected people' type='INT'>308</Variable>
		<Variable name='masks_on_policy' type='UNDEFINED'>false</Variable>
		<Variable name='build_cap_policy' type='UNDEFINED'>false</Variable>
		<Variable name='soc_dist_policy' type='UNDEFINED'>false</Variable>
		<Variable name='monitoring_symtps_policy' type='UNDEFINED'>false</Variable>
		<Variable name='testing_policy' type='UNDEFINED'>false</Variable>
		<Variable name='contact_tracing_policy' type='UNDEFINED'>false</Variable>
	</Step>
	<Step id='50' >
		<Variable name='chart_display' type='DISPLAY2D'>chart_display2-50.png</Variable>
		<Variable name='num infected' type='INT'>324</Variable>
		<Variable name='infected show symptoms' type='INT'>13</Variable>
		<Variable name='infected no symptoms' type='INT'>311</Variable>
		<Variable name='active people' type='INT'>5001</Variable>
		<Variable name='dead' type='INT'>0</Variable>
		<Variable name='total infected people' type='INT'>324</Variable>
		<Variable name='masks_on_policy' type='UNDEFINED'>false</Variable>
		<Variable name='build_cap_policy' type='UNDEFINED'>false</Variable>
		<Variable name='soc_dist_policy' type='UNDEFINED'>false</Variable>
		<Variable name='monitoring_symtps_policy' type='UNDEFINED'>false</Variable>
		<Variable name='testing_policy' type='UNDEFINED'>false</Variable>
		<Variable name='contact_tracing_policy' type='UNDEFINED'>false</Variable>
	</Step>
	<Step id='51' >
		<Variable name='chart_display' type='DISPLAY2D'>chart_display2-51.png</Variable>
		<Variable name='num infected' type='INT'>357</Variable>
		<Variable name='infected show symptoms' type='INT'>14</Variable>
		<Variable name='infected no symptoms' type='INT'>343</Variable>
		<Variable name='active people' type='INT'>5001</Variable>
		<Variable name='dead' type='INT'>0</Variable>
		<Variable name='total infected people' type='INT'>357</Variable>
		<Variable name='masks_on_policy' type='UNDEFINED'>false</Variable>
		<Variable name='build_cap_policy' type='UNDEFINED'>false</Variable>
		<Variable name='soc_dist_policy' type='UNDEFINED'>false</Variable>
		<Variable name='monitoring_symtps_policy' type='UNDEFINED'>false</Variable>
		<Variable name='testing_policy' type='UNDEFINED'>false</Variable>
		<Variable name='contact_tracing_policy' type='UNDEFINED'>false</Variable>
	</Step>
	<Step id='52' >
		<Variable name='chart_display' type='DISPLAY2D'>chart_display2-52.png</Variable>
		<Variable name='num infected' type='INT'>414</Variable>
		<Variable name='infected show symptoms' type='INT'>16</Variable>
		<Variable name='infected no symptoms' type='INT'>398</Variable>
		<Variable name='active people' type='INT'>5001</Variable>
		<Variable name='dead' type='INT'>0</Variable>
		<Variable name='total infected people' type='INT'>414</Variable>
		<Variable name='masks_on_policy' type='UNDEFINED'>false</Variable>
		<Variable name='build_cap_policy' type='UNDEFINED'>false</Variable>
		<Variable name='soc_dist_policy' type='UNDEFINED'>false</Variable>
		<Variable name='monitoring_symtps_policy' type='UNDEFINED'>false</Variable>
		<Variable name='testing_policy' type='UNDEFINED'>false</Variable>
		<Variable name='contact_tracing_policy' type='UNDEFINED'>false</Variable>
	</Step>
	<Step id='53' >
		<Variable name='chart_display' type='DISPLAY2D'>chart_display2-53.png</Variable>
		<Variable name='num infected' type='INT'>463</Variable>
		<Variable name='infected show symptoms' type='INT'>18</Variable>
		<Variable name='infected no symptoms' type='INT'>445</Variable>
		<Variable name='active people' type='INT'>5001</Variable>
		<Variable name='dead' type='INT'>0</Variable>
		<Variable name='total infected people' type='INT'>463</Variable>
		<Variable name='masks_on_policy' type='UNDEFINED'>false</Variable>
		<Variable name='build_cap_policy' type='UNDEFINED'>false</Variable>
		<Variable name='soc_dist_policy' type='UNDEFINED'>false</Variable>
		<Variable name='monitoring_symtps_policy' type='UNDEFINED'>false</Variable>
		<Variable name='testing_policy' type='UNDEFINED'>false</Variable>
		<Variable name='contact_tracing_policy' type='UNDEFINED'>false</Variable>
	</Step>
	<Step id='54' >
		<Variable name='chart_display' type='DISPLAY2D'>chart_display2-54.png</Variable>
		<Variable name='num infected' type='INT'>486</Variable>
		<Variable name='infected show symptoms' type='INT'>20</Variable>
		<Variable name='infected no symptoms' type='INT'>466</Variable>
		<Variable name='active people' type='INT'>5001</Variable>
		<Variable name='dead' type='INT'>0</Variable>
		<Variable name='total infected people' type='INT'>486</Variable>
		<Variable name='masks_on_policy' type='UNDEFINED'>false</Variable>
		<Variable name='build_cap_policy' type='UNDEFINED'>false</Variable>
		<Variable name='soc_dist_policy' type='UNDEFINED'>false</Variable>
		<Variable name='monitoring_symtps_policy' type='UNDEFINED'>false</Variable>
		<Variable name='testing_policy' type='UNDEFINED'>false</Variable>
		<Variable name='contact_tracing_policy' type='UNDEFINED'>false</Variable>
	</Step>
	<Step id='55' >
		<Variable name='chart_display' type='DISPLAY2D'>chart_display2-55.png</Variable>
		<Variable name='num infected' type='INT'>524</Variable>
		<Variable name='infected show symptoms' type='INT'>23</Variable>
		<Variable name='infected no symptoms' type='INT'>501</Variable>
		<Variable name='active people' type='INT'>5001</Variable>
		<Variable name='dead' type='INT'>0</Variable>
		<Variable name='total infected people' type='INT'>524</Variable>
		<Variable name='masks_on_policy' type='UNDEFINED'>false</Variable>
		<Variable name='build_cap_policy' type='UNDEFINED'>false</Variable>
		<Variable name='soc_dist_policy' type='UNDEFINED'>false</Variable>
		<Variable name='monitoring_symtps_policy' type='UNDEFINED'>false</Variable>
		<Variable name='testing_policy' type='UNDEFINED'>false</Variable>
		<Variable name='contact_tracing_policy' type='UNDEFINED'>false</Variable>
	</Step>
	<Step id='56' >
		<Variable name='chart_display' type='DISPLAY2D'>chart_display2-56.png</Variable>
		<Variable name='num infected' type='INT'>571</Variable>
		<Variable name='infected show symptoms' type='INT'>26</Variable>
		<Variable name='infected no symptoms' type='INT'>545</Variable>
		<Variable name='active people' type='INT'>5001</Variable>
		<Variable name='dead' type='INT'>0</Variable>
		<Variable name='total infected people' type='INT'>571</Variable>
		<Variable name='masks_on_policy' type='UNDEFINED'>false</Variable>
		<Variable name='build_cap_policy' type='UNDEFINED'>false</Variable>
		<Variable name='soc_dist_policy' type='UNDEFINED'>false</Variable>
		<Variable name='monitoring_symtps_policy' type='UNDEFINED'>false</Variable>
		<Variable name='testing_policy' type='UNDEFINED'>false</Variable>
		<Variable name='contact_tracing_policy' type='UNDEFINED'>false</Variable>
	</Step>
	<Step id='57' >
		<Variable name='chart_display' type='DISPLAY2D'>chart_display2-57.png</Variable>
		<Variable name='num infected' type='INT'>604</Variable>
		<Variable name='infected show symptoms' type='INT'>29</Variable>
		<Variable name='infected no symptoms' type='INT'>575</Variable>
		<Variable name='active people' type='INT'>5001</Variable>
		<Variable name='dead' type='INT'>0</Variable>
		<Variable name='total infected people' type='INT'>604</Variable>
		<Variable name='masks_on_policy' type='UNDEFINED'>false</Variable>
		<Variable name='build_cap_policy' type='UNDEFINED'>false</Variable>
		<Variable name='soc_dist_policy' type='UNDEFINED'>false</Variable>
		<Variable name='monitoring_symtps_policy' type='UNDEFINED'>false</Variable>
		<Variable name='testing_policy' type='UNDEFINED'>false</Variable>
		<Variable name='contact_tracing_policy' type='UNDEFINED'>false</Variable>
	</Step>
	<Step id='58' >
		<Variable name='chart_display' type='DISPLAY2D'>chart_display2-58.png</Variable>
		<Variable name='num infected' type='INT'>634</Variable>
		<Variable name='infected show symptoms' type='INT'>30</Variable>
		<Variable name='infected no symptoms' type='INT'>604</Variable>
		<Variable name='active people' type='INT'>5001</Variable>
		<Variable name='dead' type='INT'>0</Variable>
		<Variable name='total infected people' type='INT'>634</Variable>
		<Variable name='masks_on_policy' type='UNDEFINED'>false</Variable>
		<Variable name='build_cap_policy' type='UNDEFINED'>false</Variable>
		<Variable name='soc_dist_policy' type='UNDEFINED'>false</Variable>
		<Variable name='monitoring_symtps_policy' type='UNDEFINED'>false</Variable>
		<Variable name='testing_policy' type='UNDEFINED'>false</Variable>
		<Variable name='contact_tracing_policy' type='UNDEFINED'>false</Variable>
	</Step>
	<Step id='59' >
		<Variable name='chart_display' type='DISPLAY2D'>chart_display2-59.png</Variable>
		<Variable name='num infected' type='INT'>671</Variable>
		<Variable name='infected show symptoms' type='INT'>34</Variable>
		<Variable name='infected no symptoms' type='INT'>637</Variable>
		<Variable name='active people' type='INT'>5001</Variable>
		<Variable name='dead' type='INT'>0</Variable>
		<Variable name='total infected people' type='INT'>671</Variable>
		<Variable name='masks_on_policy' type='UNDEFINED'>false</Variable>
		<Variable name='build_cap_policy' type='UNDEFINED'>false</Variable>
		<Variable name='soc_dist_policy' type='UNDEFINED'>false</Variable>
		<Variable name='monitoring_symtps_policy' type='UNDEFINED'>false</Variable>
		<Variable name='testing_policy' type='UNDEFINED'>false</Variable>
		<Variable name='contact_tracing_policy' type='UNDEFINED'>false</Variable>
	</Step>
</Simulation>